id,context,documented_keys,action,upstream_info,implementation,semantic_review,acceptance,source
LG-B001,Global keybindings,<ctrl+r>,Switch to a recent repo,,not_implemented,pending,pending,https://github.com/jesseduffield/lazygit/blob/c5f7158154602d23b0750d4304c73e2aead8df5b/docs/keybindings/Keybindings_en.md#L9
LG-B002,Global keybindings,"<pgup>, K, <ctrl+u> (fn+up/shift+k)",Scroll up main window,,not_implemented,pending,pending,https://github.com/jesseduffield/lazygit/blob/c5f7158154602d23b0750d4304c73e2aead8df5b/docs/keybindings/Keybindings_en.md#L10
LG-B003,Global keybindings,"<pgdown>, J, <ctrl+d> (fn+down/shift+j)",Scroll down main window,,not_implemented,pending,pending,https://github.com/jesseduffield/lazygit/blob/c5f7158154602d23b0750d4304c73e2aead8df5b/docs/keybindings/Keybindings_en.md#L11
LG-B004,Global keybindings,@,View command log options,View options for the command log e.g. show/hide the command log and focus the command log.,not_implemented,pending,pending,https://github.com/jesseduffield/lazygit/blob/c5f7158154602d23b0750d4304c73e2aead8df5b/docs/keybindings/Keybindings_en.md#L12
LG-B005,Global keybindings,P,Push,"Push the current branch to its upstream branch. If no upstream is configured, you will be prompted to configure an upstream branch. If other branches are stacked below the current one and have commits to push, you are offered to push those too.",not_implemented,pending,pending,https://github.com/jesseduffield/lazygit/blob/c5f7158154602d23b0750d4304c73e2aead8df5b/docs/keybindings/Keybindings_en.md#L13
LG-B006,Global keybindings,p,Pull,"Pull changes from the remote for the current branch. If no upstream is configured, you will be prompted to configure an upstream branch. If other branches are stacked below the current one and have changed on the remote, you are offered to update those too.",not_implemented,pending,pending,https://github.com/jesseduffield/lazygit/blob/c5f7158154602d23b0750d4304c73e2aead8df5b/docs/keybindings/Keybindings_en.md#L14
LG-B007,Global keybindings,),Increase rename similarity threshold,Increase the similarity threshold for a deletion and addition pair to be treated as a rename.<br><br>The default can be changed in the config file with the key 'git.renameSimilarityThreshold'.,not_implemented,pending,pending,https://github.com/jesseduffield/lazygit/blob/c5f7158154602d23b0750d4304c73e2aead8df5b/docs/keybindings/Keybindings_en.md#L15
LG-B008,Global keybindings,(,Decrease rename similarity threshold,Decrease the similarity threshold for a deletion and addition pair to be treated as a rename.<br><br>The default can be changed in the config file with the key 'git.renameSimilarityThreshold'.,not_implemented,pending,pending,https://github.com/jesseduffield/lazygit/blob/c5f7158154602d23b0750d4304c73e2aead8df5b/docs/keybindings/Keybindings_en.md#L16
LG-B009,Global keybindings,},Increase diff context size,Increase the amount of the context shown around changes in the diff view.<br><br>The default can be changed in the config file with the key 'git.diffContextSize'.,not_implemented,pending,pending,https://github.com/jesseduffield/lazygit/blob/c5f7158154602d23b0750d4304c73e2aead8df5b/docs/keybindings/Keybindings_en.md#L17
LG-B010,Global keybindings,{,Decrease diff context size,Decrease the amount of the context shown around changes in the diff view.<br><br>The default can be changed in the config file with the key 'git.diffContextSize'.,not_implemented,pending,pending,https://github.com/jesseduffield/lazygit/blob/c5f7158154602d23b0750d4304c73e2aead8df5b/docs/keybindings/Keybindings_en.md#L18
LG-B011,Global keybindings,:,Execute shell command,Bring up a prompt where you can enter a shell command to execute.,not_implemented,pending,pending,https://github.com/jesseduffield/lazygit/blob/c5f7158154602d23b0750d4304c73e2aead8df5b/docs/keybindings/Keybindings_en.md#L19
LG-B012,Global keybindings,<ctrl+p>,View custom patch options,,not_implemented,pending,pending,https://github.com/jesseduffield/lazygit/blob/c5f7158154602d23b0750d4304c73e2aead8df5b/docs/keybindings/Keybindings_en.md#L20
LG-B013,Global keybindings,m,View merge/rebase options,View options to abort/continue/skip the current merge/rebase.,not_implemented,pending,pending,https://github.com/jesseduffield/lazygit/blob/c5f7158154602d23b0750d4304c73e2aead8df5b/docs/keybindings/Keybindings_en.md#L21
LG-B014,Global keybindings,R,Refresh,"Refresh the git state (i.e. run `git status`, `git branch`, etc in background to update the contents of panels). This does not run `git fetch`.",not_implemented,pending,pending,https://github.com/jesseduffield/lazygit/blob/c5f7158154602d23b0750d4304c73e2aead8df5b/docs/keybindings/Keybindings_en.md#L22
LG-B015,Global keybindings,+,Next screen mode (normal/half/fullscreen),,not_implemented,pending,pending,https://github.com/jesseduffield/lazygit/blob/c5f7158154602d23b0750d4304c73e2aead8df5b/docs/keybindings/Keybindings_en.md#L23
LG-B016,Global keybindings,_,Prev screen mode,,not_implemented,pending,pending,https://github.com/jesseduffield/lazygit/blob/c5f7158154602d23b0750d4304c73e2aead8df5b/docs/keybindings/Keybindings_en.md#L24
LG-B017,Global keybindings,|,Cycle diff renderers,Choose the next renderer in the list of configured diff renderers.,not_implemented,pending,pending,https://github.com/jesseduffield/lazygit/blob/c5f7158154602d23b0750d4304c73e2aead8df5b/docs/keybindings/Keybindings_en.md#L25
LG-B018,Global keybindings,\,Cycle diff renderers (reverse),Choose the previous renderer in the list of configured diff renderers.,not_implemented,pending,pending,https://github.com/jesseduffield/lazygit/blob/c5f7158154602d23b0750d4304c73e2aead8df5b/docs/keybindings/Keybindings_en.md#L26
LG-B019,Global keybindings,<ctrl+g>,Jump to file in diff,"Pick one of the files of the diff shown in the main view, and scroll the main view to it. The focus stays in this panel.",not_implemented,pending,pending,https://github.com/jesseduffield/lazygit/blob/c5f7158154602d23b0750d4304c73e2aead8df5b/docs/keybindings/Keybindings_en.md#L27
LG-B020,Global keybindings,<esc>,Cancel,,not_implemented,pending,pending,https://github.com/jesseduffield/lazygit/blob/c5f7158154602d23b0750d4304c73e2aead8df5b/docs/keybindings/Keybindings_en.md#L28
LG-B021,Global keybindings,?,Open keybindings menu,,not_implemented,pending,pending,https://github.com/jesseduffield/lazygit/blob/c5f7158154602d23b0750d4304c73e2aead8df5b/docs/keybindings/Keybindings_en.md#L29
LG-B022,Global keybindings,<ctrl+s>,View filter options,"View options for filtering the commit log, so that only commits matching the filter are shown.",not_implemented,pending,pending,https://github.com/jesseduffield/lazygit/blob/c5f7158154602d23b0750d4304c73e2aead8df5b/docs/keybindings/Keybindings_en.md#L30
LG-B023,Global keybindings,"W, <ctrl+e>",View diffing options,"View options relating to diffing two refs e.g. diffing against selected ref, entering ref to diff against, and reversing the diff direction.",not_implemented,pending,pending,https://github.com/jesseduffield/lazygit/blob/c5f7158154602d23b0750d4304c73e2aead8df5b/docs/keybindings/Keybindings_en.md#L31
LG-B024,Global keybindings,"q, <ctrl+c>",Quit,,not_implemented,pending,pending,https://github.com/jesseduffield/lazygit/blob/c5f7158154602d23b0750d4304c73e2aead8df5b/docs/keybindings/Keybindings_en.md#L32
LG-B025,Global keybindings,<ctrl+z>,Suspend the application,,not_implemented,pending,pending,https://github.com/jesseduffield/lazygit/blob/c5f7158154602d23b0750d4304c73e2aead8df5b/docs/keybindings/Keybindings_en.md#L33
LG-B026,Global keybindings,<ctrl+w>,Toggle whitespace,Toggle whether or not whitespace changes are shown in the diff view.<br><br>The default can be changed in the config file with the key 'git.ignoreWhitespaceInDiffView'.,not_implemented,pending,pending,https://github.com/jesseduffield/lazygit/blob/c5f7158154602d23b0750d4304c73e2aead8df5b/docs/keybindings/Keybindings_en.md#L34
LG-B027,Global keybindings,<alt+shift+c>,Edit config file,Open file in external editor.,not_implemented,pending,pending,https://github.com/jesseduffield/lazygit/blob/c5f7158154602d23b0750d4304c73e2aead8df5b/docs/keybindings/Keybindings_en.md#L35
LG-B028,Global keybindings,z,Undo,The reflog will be used to determine what git command to run to undo the last git command. This does not include changes to the working tree; only commits are taken into consideration.,not_implemented,pending,pending,https://github.com/jesseduffield/lazygit/blob/c5f7158154602d23b0750d4304c73e2aead8df5b/docs/keybindings/Keybindings_en.md#L36
LG-B029,Global keybindings,Z,Redo,The reflog will be used to determine what git command to run to redo the last git command. This does not include changes to the working tree; only commits are taken into consideration.,not_implemented,pending,pending,https://github.com/jesseduffield/lazygit/blob/c5f7158154602d23b0750d4304c73e2aead8df5b/docs/keybindings/Keybindings_en.md#L37
LG-B030,List panel navigation,",",Previous page,,not_implemented,pending,pending,https://github.com/jesseduffield/lazygit/blob/c5f7158154602d23b0750d4304c73e2aead8df5b/docs/keybindings/Keybindings_en.md#L43
LG-B031,List panel navigation,.,Next page,,not_implemented,pending,pending,https://github.com/jesseduffield/lazygit/blob/c5f7158154602d23b0750d4304c73e2aead8df5b/docs/keybindings/Keybindings_en.md#L44
LG-B032,List panel navigation,"<, <home>",Scroll to top,,not_implemented,pending,pending,https://github.com/jesseduffield/lazygit/blob/c5f7158154602d23b0750d4304c73e2aead8df5b/docs/keybindings/Keybindings_en.md#L45
LG-B033,List panel navigation,">, <end>",Scroll to bottom,,not_implemented,pending,pending,https://github.com/jesseduffield/lazygit/blob/c5f7158154602d23b0750d4304c73e2aead8df5b/docs/keybindings/Keybindings_en.md#L46
LG-B034,List panel navigation,v,Toggle range select,,not_implemented,pending,pending,https://github.com/jesseduffield/lazygit/blob/c5f7158154602d23b0750d4304c73e2aead8df5b/docs/keybindings/Keybindings_en.md#L47
LG-B035,List panel navigation,<shift+down>,Range select down,,not_implemented,pending,pending,https://github.com/jesseduffield/lazygit/blob/c5f7158154602d23b0750d4304c73e2aead8df5b/docs/keybindings/Keybindings_en.md#L48
LG-B036,List panel navigation,<shift+up>,Range select up,,not_implemented,pending,pending,https://github.com/jesseduffield/lazygit/blob/c5f7158154602d23b0750d4304c73e2aead8df5b/docs/keybindings/Keybindings_en.md#L49
LG-B037,List panel navigation,/,Search the current view by text,,not_implemented,pending,pending,https://github.com/jesseduffield/lazygit/blob/c5f7158154602d23b0750d4304c73e2aead8df5b/docs/keybindings/Keybindings_en.md#L50
LG-B038,List panel navigation,H,Scroll left,,not_implemented,pending,pending,https://github.com/jesseduffield/lazygit/blob/c5f7158154602d23b0750d4304c73e2aead8df5b/docs/keybindings/Keybindings_en.md#L51
LG-B039,List panel navigation,L,Scroll right,,not_implemented,pending,pending,https://github.com/jesseduffield/lazygit/blob/c5f7158154602d23b0750d4304c73e2aead8df5b/docs/keybindings/Keybindings_en.md#L52
LG-B040,List panel navigation,],Next tab,,not_implemented,pending,pending,https://github.com/jesseduffield/lazygit/blob/c5f7158154602d23b0750d4304c73e2aead8df5b/docs/keybindings/Keybindings_en.md#L53
LG-B041,List panel navigation,[,Previous tab,,not_implemented,pending,pending,https://github.com/jesseduffield/lazygit/blob/c5f7158154602d23b0750d4304c73e2aead8df5b/docs/keybindings/Keybindings_en.md#L54
LG-B042,Commit files,<ctrl+o>,Copy path to clipboard,,not_implemented,pending,pending,https://github.com/jesseduffield/lazygit/blob/c5f7158154602d23b0750d4304c73e2aead8df5b/docs/keybindings/Keybindings_en.md#L60
LG-B043,Commit files,y,Copy to clipboard,,not_implemented,pending,pending,https://github.com/jesseduffield/lazygit/blob/c5f7158154602d23b0750d4304c73e2aead8df5b/docs/keybindings/Keybindings_en.md#L61
LG-B044,Commit files,c,Checkout,Checkout file. This replaces the file in your working tree with the version from the selected commit.,not_implemented,pending,pending,https://github.com/jesseduffield/lazygit/blob/c5f7158154602d23b0750d4304c73e2aead8df5b/docs/keybindings/Keybindings_en.md#L62
LG-B045,Commit files,d,Discard,"Discard this commit's changes to this file. This runs an interactive rebase in the background, so you may get a merge conflict if a later commit also changes this file.",not_implemented,pending,pending,https://github.com/jesseduffield/lazygit/blob/c5f7158154602d23b0750d4304c73e2aead8df5b/docs/keybindings/Keybindings_en.md#L63
LG-B046,Commit files,o,Open file,Open file in default application.,not_implemented,pending,pending,https://github.com/jesseduffield/lazygit/blob/c5f7158154602d23b0750d4304c73e2aead8df5b/docs/keybindings/Keybindings_en.md#L64
LG-B047,Commit files,e,Edit,Open file in external editor.,not_implemented,pending,pending,https://github.com/jesseduffield/lazygit/blob/c5f7158154602d23b0750d4304c73e2aead8df5b/docs/keybindings/Keybindings_en.md#L65
LG-B048,Commit files,<ctrl+t>,Open external diff tool (git difftool),,not_implemented,pending,pending,https://github.com/jesseduffield/lazygit/blob/c5f7158154602d23b0750d4304c73e2aead8df5b/docs/keybindings/Keybindings_en.md#L66
LG-B049,Commit files,<space>,Toggle file included in patch,Toggle whether the file is included in the custom patch. See https://github.com/jesseduffield/lazygit#rebase-magic-custom-patches.,not_implemented,pending,pending,https://github.com/jesseduffield/lazygit/blob/c5f7158154602d23b0750d4304c73e2aead8df5b/docs/keybindings/Keybindings_en.md#L67
LG-B050,Commit files,a,Toggle all files,Add/remove all commit's files to custom patch. See https://github.com/jesseduffield/lazygit#rebase-magic-custom-patches.,not_implemented,pending,pending,https://github.com/jesseduffield/lazygit/blob/c5f7158154602d23b0750d4304c73e2aead8df5b/docs/keybindings/Keybindings_en.md#L68
LG-B051,Commit files,<enter>,Focus file diff / Toggle directory,"If a file is selected, focus its diff so you can act on individual lines. If it is a directory, collapse or expand it.",not_implemented,pending,pending,https://github.com/jesseduffield/lazygit/blob/c5f7158154602d23b0750d4304c73e2aead8df5b/docs/keybindings/Keybindings_en.md#L69
LG-B052,Commit files,`,Toggle file tree view,"Toggle file view between flat and tree layout. Flat layout shows all file paths in a single list, tree layout groups files by directory.<br><br>The default can be changed in the config file with the key 'gui.showFileTree'.",not_implemented,pending,pending,https://github.com/jesseduffield/lazygit/blob/c5f7158154602d23b0750d4304c73e2aead8df5b/docs/keybindings/Keybindings_en.md#L70
LG-B053,Commit files,-,Collapse all files,Collapse all directories in the files tree,not_implemented,pending,pending,https://github.com/jesseduffield/lazygit/blob/c5f7158154602d23b0750d4304c73e2aead8df5b/docs/keybindings/Keybindings_en.md#L71
LG-B054,Commit files,=,Expand all files,Expand all directories in the file tree,not_implemented,pending,pending,https://github.com/jesseduffield/lazygit/blob/c5f7158154602d23b0750d4304c73e2aead8df5b/docs/keybindings/Keybindings_en.md#L72
LG-B055,Commit files,0,Focus main view,,not_implemented,pending,pending,https://github.com/jesseduffield/lazygit/blob/c5f7158154602d23b0750d4304c73e2aead8df5b/docs/keybindings/Keybindings_en.md#L73
LG-B056,Commit files,/,Filter the current view by text,,not_implemented,pending,pending,https://github.com/jesseduffield/lazygit/blob/c5f7158154602d23b0750d4304c73e2aead8df5b/docs/keybindings/Keybindings_en.md#L74
LG-B057,Commit summary,<enter>,Confirm,,not_implemented,pending,pending,https://github.com/jesseduffield/lazygit/blob/c5f7158154602d23b0750d4304c73e2aead8df5b/docs/keybindings/Keybindings_en.md#L80
LG-B058,Commit summary,<esc>,Close,,not_implemented,pending,pending,https://github.com/jesseduffield/lazygit/blob/c5f7158154602d23b0750d4304c73e2aead8df5b/docs/keybindings/Keybindings_en.md#L81
LG-B059,Commits,<ctrl+o>,Copy abbreviated commit hash to clipboard,,not_implemented,pending,pending,https://github.com/jesseduffield/lazygit/blob/c5f7158154602d23b0750d4304c73e2aead8df5b/docs/keybindings/Keybindings_en.md#L87
LG-B060,Commits,<ctrl+r>,Reset copied (cherry-picked) commits selection,,not_implemented,pending,pending,https://github.com/jesseduffield/lazygit/blob/c5f7158154602d23b0750d4304c73e2aead8df5b/docs/keybindings/Keybindings_en.md#L88
LG-B061,Commits,b,View bisect options,,not_implemented,pending,pending,https://github.com/jesseduffield/lazygit/blob/c5f7158154602d23b0750d4304c73e2aead8df5b/docs/keybindings/Keybindings_en.md#L89
LG-B062,Commits,s,Squash,Squash the selected commit into the commit below it. The selected commit's message will be appended to the commit below it.,not_implemented,pending,pending,https://github.com/jesseduffield/lazygit/blob/c5f7158154602d23b0750d4304c73e2aead8df5b/docs/keybindings/Keybindings_en.md#L90
LG-B063,Commits,f,Fixup,"Meld the selected commit into the commit below it. Similar to squash, but the selected commit's message will be discarded.",not_implemented,pending,pending,https://github.com/jesseduffield/lazygit/blob/c5f7158154602d23b0750d4304c73e2aead8df5b/docs/keybindings/Keybindings_en.md#L91
LG-B064,Commits,c,Set fixup message,Set the message option for the fixup commit. The -C option means to use this commit's message instead of the target commit's message.,not_implemented,pending,pending,https://github.com/jesseduffield/lazygit/blob/c5f7158154602d23b0750d4304c73e2aead8df5b/docs/keybindings/Keybindings_en.md#L92
LG-B065,Commits,r,Reword,Reword the selected commit's message.,not_implemented,pending,pending,https://github.com/jesseduffield/lazygit/blob/c5f7158154602d23b0750d4304c73e2aead8df5b/docs/keybindings/Keybindings_en.md#L93
LG-B066,Commits,R,Reword with editor,,not_implemented,pending,pending,https://github.com/jesseduffield/lazygit/blob/c5f7158154602d23b0750d4304c73e2aead8df5b/docs/keybindings/Keybindings_en.md#L94
LG-B067,Commits,d,Drop,"Drop the selected commit. This will remove the commit from the branch via a rebase. If the commit makes changes that later commits depend on, you may need to resolve merge conflicts.",not_implemented,pending,pending,https://github.com/jesseduffield/lazygit/blob/c5f7158154602d23b0750d4304c73e2aead8df5b/docs/keybindings/Keybindings_en.md#L95
LG-B068,Commits,e,Edit (start interactive rebase),"Edit the selected commit. Use this to start an interactive rebase from the selected commit. When already mid-rebase, this will mark the selected commit for editing, which means that upon continuing the rebase, the rebase will pause at the selected commit to allow you to make changes.",not_implemented,pending,pending,https://github.com/jesseduffield/lazygit/blob/c5f7158154602d23b0750d4304c73e2aead8df5b/docs/keybindings/Keybindings_en.md#L96
LG-B069,Commits,i,Start interactive rebase,"Start an interactive rebase for the commits on your branch. This will include all commits from the HEAD commit down to the first merge commit or main branch commit.<br>If you would instead like to start an interactive rebase from the selected commit, press `e`.",not_implemented,pending,pending,https://github.com/jesseduffield/lazygit/blob/c5f7158154602d23b0750d4304c73e2aead8df5b/docs/keybindings/Keybindings_en.md#L97
LG-B070,Commits,p,Pick,Mark the selected commit to be picked (when mid-rebase). This means that the commit will be retained upon continuing the rebase.,not_implemented,pending,pending,https://github.com/jesseduffield/lazygit/blob/c5f7158154602d23b0750d4304c73e2aead8df5b/docs/keybindings/Keybindings_en.md#L98
LG-B071,Commits,F,Create fixup commit,"Create 'fixup!' commit for the selected commit. Later on, you can press `S` on this same commit to apply all above fixup commits.",not_implemented,pending,pending,https://github.com/jesseduffield/lazygit/blob/c5f7158154602d23b0750d4304c73e2aead8df5b/docs/keybindings/Keybindings_en.md#L99
LG-B072,Commits,S,Apply fixup commits,"Squash all 'fixup!' commits, either above the selected commit, or all in current branch (autosquash).",not_implemented,pending,pending,https://github.com/jesseduffield/lazygit/blob/c5f7158154602d23b0750d4304c73e2aead8df5b/docs/keybindings/Keybindings_en.md#L100
LG-B073,Commits,"<ctrl+j>, <alt+down>",Move commit down one,,not_implemented,pending,pending,https://github.com/jesseduffield/lazygit/blob/c5f7158154602d23b0750d4304c73e2aead8df5b/docs/keybindings/Keybindings_en.md#L101
LG-B074,Commits,"<ctrl+k>, <alt+up>",Move commit up one,,not_implemented,pending,pending,https://github.com/jesseduffield/lazygit/blob/c5f7158154602d23b0750d4304c73e2aead8df5b/docs/keybindings/Keybindings_en.md#L102
LG-B075,Commits,V,Paste (cherry-pick),,not_implemented,pending,pending,https://github.com/jesseduffield/lazygit/blob/c5f7158154602d23b0750d4304c73e2aead8df5b/docs/keybindings/Keybindings_en.md#L103
LG-B076,Commits,B,Mark as base commit for rebase,"Select a base commit for the next rebase. When you rebase onto a branch, only commits above the base commit will be brought across. This uses the `git rebase --onto` command.",not_implemented,pending,pending,https://github.com/jesseduffield/lazygit/blob/c5f7158154602d23b0750d4304c73e2aead8df5b/docs/keybindings/Keybindings_en.md#L104
LG-B077,Commits,A,Amend,"Amend commit with staged changes. If the selected commit is the HEAD commit, this will perform `git commit --amend`. Otherwise the commit will be amended via a rebase.",not_implemented,pending,pending,https://github.com/jesseduffield/lazygit/blob/c5f7158154602d23b0750d4304c73e2aead8df5b/docs/keybindings/Keybindings_en.md#L105
LG-B078,Commits,a,Amend commit attribute,Set/Reset commit author or set co-author.,not_implemented,pending,pending,https://github.com/jesseduffield/lazygit/blob/c5f7158154602d23b0750d4304c73e2aead8df5b/docs/keybindings/Keybindings_en.md#L106
LG-B079,Commits,t,Revert,"Create a revert commit for the selected commit, which applies the selected commit's changes in reverse.",not_implemented,pending,pending,https://github.com/jesseduffield/lazygit/blob/c5f7158154602d23b0750d4304c73e2aead8df5b/docs/keybindings/Keybindings_en.md#L107
LG-B080,Commits,T,Tag commit,Create a new tag pointing at the selected commit. You'll be prompted to enter a tag name and optional description.,not_implemented,pending,pending,https://github.com/jesseduffield/lazygit/blob/c5f7158154602d23b0750d4304c73e2aead8df5b/docs/keybindings/Keybindings_en.md#L108
LG-B081,Commits,<ctrl+l>,View log options,"View options for commit log e.g. changing sort order, hiding the git graph, showing the whole git graph.",not_implemented,pending,pending,https://github.com/jesseduffield/lazygit/blob/c5f7158154602d23b0750d4304c73e2aead8df5b/docs/keybindings/Keybindings_en.md#L109
LG-B082,Commits,G,Open pull request in browser,,not_implemented,pending,pending,https://github.com/jesseduffield/lazygit/blob/c5f7158154602d23b0750d4304c73e2aead8df5b/docs/keybindings/Keybindings_en.md#L110
LG-B083,Commits,<space>,Checkout,Checkout the selected commit as a detached HEAD.,not_implemented,pending,pending,https://github.com/jesseduffield/lazygit/blob/c5f7158154602d23b0750d4304c73e2aead8df5b/docs/keybindings/Keybindings_en.md#L111
LG-B084,Commits,y,Copy commit attribute to clipboard,"Copy commit attribute to clipboard (e.g. hash, URL, diff, message, author).",not_implemented,pending,pending,https://github.com/jesseduffield/lazygit/blob/c5f7158154602d23b0750d4304c73e2aead8df5b/docs/keybindings/Keybindings_en.md#L112
LG-B085,Commits,o,Open commit in browser,,not_implemented,pending,pending,https://github.com/jesseduffield/lazygit/blob/c5f7158154602d23b0750d4304c73e2aead8df5b/docs/keybindings/Keybindings_en.md#L113
LG-B086,Commits,n,Create new branch off of commit,,not_implemented,pending,pending,https://github.com/jesseduffield/lazygit/blob/c5f7158154602d23b0750d4304c73e2aead8df5b/docs/keybindings/Keybindings_en.md#L114
LG-B087,Commits,N,Move commits to new branch,"Create a new branch and move the unpushed commits of the current branch to it. Useful if you meant to start new work and forgot to create a new branch first.<br><br>Note that this disregards the selection, the new branch is always created either from the main branch or stacked on top of the current branch (you get to choose which).",not_implemented,pending,pending,https://github.com/jesseduffield/lazygit/blob/c5f7158154602d23b0750d4304c73e2aead8df5b/docs/keybindings/Keybindings_en.md#L115
LG-B088,Commits,w,New worktree,,not_implemented,pending,pending,https://github.com/jesseduffield/lazygit/blob/c5f7158154602d23b0750d4304c73e2aead8df5b/docs/keybindings/Keybindings_en.md#L116
LG-B089,Commits,g,Reset,View reset options (soft/mixed/hard) for resetting onto selected item.,not_implemented,pending,pending,https://github.com/jesseduffield/lazygit/blob/c5f7158154602d23b0750d4304c73e2aead8df5b/docs/keybindings/Keybindings_en.md#L117
LG-B090,Commits,C,Copy (cherry-pick),"Mark commit as copied. Then, within the local commits view, you can press `V` to paste (cherry-pick) the copied commit(s) into your checked out branch. At any time you can press `<esc>` to cancel the selection.",not_implemented,pending,pending,https://github.com/jesseduffield/lazygit/blob/c5f7158154602d23b0750d4304c73e2aead8df5b/docs/keybindings/Keybindings_en.md#L118
LG-B091,Commits,<ctrl+t>,Open external diff tool (git difftool),,not_implemented,pending,pending,https://github.com/jesseduffield/lazygit/blob/c5f7158154602d23b0750d4304c73e2aead8df5b/docs/keybindings/Keybindings_en.md#L119
LG-B092,Commits,*,Select commits of current branch,,not_implemented,pending,pending,https://github.com/jesseduffield/lazygit/blob/c5f7158154602d23b0750d4304c73e2aead8df5b/docs/keybindings/Keybindings_en.md#L120
LG-B093,Commits,0,Focus main view,,not_implemented,pending,pending,https://github.com/jesseduffield/lazygit/blob/c5f7158154602d23b0750d4304c73e2aead8df5b/docs/keybindings/Keybindings_en.md#L121
LG-B094,Commits,<enter>,View files,,not_implemented,pending,pending,https://github.com/jesseduffield/lazygit/blob/c5f7158154602d23b0750d4304c73e2aead8df5b/docs/keybindings/Keybindings_en.md#L122
LG-B095,Commits,/,Search the current view by text,,not_implemented,pending,pending,https://github.com/jesseduffield/lazygit/blob/c5f7158154602d23b0750d4304c73e2aead8df5b/docs/keybindings/Keybindings_en.md#L123
LG-B096,Confirmation panel,<enter>,Confirm,,not_implemented,pending,pending,https://github.com/jesseduffield/lazygit/blob/c5f7158154602d23b0750d4304c73e2aead8df5b/docs/keybindings/Keybindings_en.md#L129
LG-B097,Confirmation panel,<esc>,Close/Cancel,,not_implemented,pending,pending,https://github.com/jesseduffield/lazygit/blob/c5f7158154602d23b0750d4304c73e2aead8df5b/docs/keybindings/Keybindings_en.md#L130
LG-B098,Confirmation panel,<ctrl+o>,Copy to clipboard,,not_implemented,pending,pending,https://github.com/jesseduffield/lazygit/blob/c5f7158154602d23b0750d4304c73e2aead8df5b/docs/keybindings/Keybindings_en.md#L131
LG-B099,Files,<ctrl+o>,Copy path to clipboard,,not_implemented,pending,pending,https://github.com/jesseduffield/lazygit/blob/c5f7158154602d23b0750d4304c73e2aead8df5b/docs/keybindings/Keybindings_en.md#L137
LG-B100,Files,<space>,Stage,Toggle staged for selected file.,not_implemented,pending,pending,https://github.com/jesseduffield/lazygit/blob/c5f7158154602d23b0750d4304c73e2aead8df5b/docs/keybindings/Keybindings_en.md#L138
LG-B101,Files,<ctrl+b>,Filter files by status,,not_implemented,pending,pending,https://github.com/jesseduffield/lazygit/blob/c5f7158154602d23b0750d4304c73e2aead8df5b/docs/keybindings/Keybindings_en.md#L139
LG-B102,Files,y,Copy to clipboard,,not_implemented,pending,pending,https://github.com/jesseduffield/lazygit/blob/c5f7158154602d23b0750d4304c73e2aead8df5b/docs/keybindings/Keybindings_en.md#L140
LG-B103,Files,c,Commit,Commit staged changes.,not_implemented,pending,pending,https://github.com/jesseduffield/lazygit/blob/c5f7158154602d23b0750d4304c73e2aead8df5b/docs/keybindings/Keybindings_en.md#L141
LG-B104,Files,w,Commit changes without pre-commit hook,,not_implemented,pending,pending,https://github.com/jesseduffield/lazygit/blob/c5f7158154602d23b0750d4304c73e2aead8df5b/docs/keybindings/Keybindings_en.md#L142
LG-B105,Files,A,Amend last commit,,not_implemented,pending,pending,https://github.com/jesseduffield/lazygit/blob/c5f7158154602d23b0750d4304c73e2aead8df5b/docs/keybindings/Keybindings_en.md#L143
LG-B106,Files,C,Commit changes using git editor,,not_implemented,pending,pending,https://github.com/jesseduffield/lazygit/blob/c5f7158154602d23b0750d4304c73e2aead8df5b/docs/keybindings/Keybindings_en.md#L144
LG-B107,Files,<ctrl+f>,Find base commit for fixup,"Find the commit that your current changes are building upon, for the sake of amending/fixing up the commit. This spares you from having to look through your branch's commits one-by-one to see which commit should be amended/fixed up. See docs: <https://github.com/jesseduffield/lazygit/tree/master/docs/Fixup_Commits.md>",not_implemented,pending,pending,https://github.com/jesseduffield/lazygit/blob/c5f7158154602d23b0750d4304c73e2aead8df5b/docs/keybindings/Keybindings_en.md#L145
LG-B108,Files,e,Edit,Open file in external editor.,not_implemented,pending,pending,https://github.com/jesseduffield/lazygit/blob/c5f7158154602d23b0750d4304c73e2aead8df5b/docs/keybindings/Keybindings_en.md#L146
LG-B109,Files,o,Open file,Open file in default application.,not_implemented,pending,pending,https://github.com/jesseduffield/lazygit/blob/c5f7158154602d23b0750d4304c73e2aead8df5b/docs/keybindings/Keybindings_en.md#L147
LG-B110,Files,i,Ignore or exclude file,,not_implemented,pending,pending,https://github.com/jesseduffield/lazygit/blob/c5f7158154602d23b0750d4304c73e2aead8df5b/docs/keybindings/Keybindings_en.md#L148
LG-B111,Files,r,Refresh files,,not_implemented,pending,pending,https://github.com/jesseduffield/lazygit/blob/c5f7158154602d23b0750d4304c73e2aead8df5b/docs/keybindings/Keybindings_en.md#L149
LG-B112,Files,s,Stash,"Stash all changes. For other variations of stashing, use the view stash options keybinding.",not_implemented,pending,pending,https://github.com/jesseduffield/lazygit/blob/c5f7158154602d23b0750d4304c73e2aead8df5b/docs/keybindings/Keybindings_en.md#L150
LG-B113,Files,S,View stash options,"View stash options (e.g. stash all, stash staged, stash unstaged).",not_implemented,pending,pending,https://github.com/jesseduffield/lazygit/blob/c5f7158154602d23b0750d4304c73e2aead8df5b/docs/keybindings/Keybindings_en.md#L151
LG-B114,Files,a,Stage all,Toggle staged/unstaged for all files in working tree.,not_implemented,pending,pending,https://github.com/jesseduffield/lazygit/blob/c5f7158154602d23b0750d4304c73e2aead8df5b/docs/keybindings/Keybindings_en.md#L152
LG-B115,Files,<enter>,Focus file diff / Collapse directory,"If the selected item is a file, focus its diff so you can act on individual hunks or lines. If it is a directory, collapse or expand it.",not_implemented,pending,pending,https://github.com/jesseduffield/lazygit/blob/c5f7158154602d23b0750d4304c73e2aead8df5b/docs/keybindings/Keybindings_en.md#L153
LG-B116,Files,d,Discard,View options for discarding changes to the selected file.,not_implemented,pending,pending,https://github.com/jesseduffield/lazygit/blob/c5f7158154602d23b0750d4304c73e2aead8df5b/docs/keybindings/Keybindings_en.md#L154
LG-B117,Files,g,View upstream reset options,,not_implemented,pending,pending,https://github.com/jesseduffield/lazygit/blob/c5f7158154602d23b0750d4304c73e2aead8df5b/docs/keybindings/Keybindings_en.md#L155
LG-B118,Files,D,Reset,View reset options for working tree (e.g. nuking the working tree).,not_implemented,pending,pending,https://github.com/jesseduffield/lazygit/blob/c5f7158154602d23b0750d4304c73e2aead8df5b/docs/keybindings/Keybindings_en.md#L156
LG-B119,Files,`,Toggle file tree view,"Toggle file view between flat and tree layout. Flat layout shows all file paths in a single list, tree layout groups files by directory.<br><br>The default can be changed in the config file with the key 'gui.showFileTree'.",not_implemented,pending,pending,https://github.com/jesseduffield/lazygit/blob/c5f7158154602d23b0750d4304c73e2aead8df5b/docs/keybindings/Keybindings_en.md#L157
LG-B120,Files,<ctrl+t>,Open external diff tool (git difftool),,not_implemented,pending,pending,https://github.com/jesseduffield/lazygit/blob/c5f7158154602d23b0750d4304c73e2aead8df5b/docs/keybindings/Keybindings_en.md#L158
LG-B121,Files,M,View merge conflict options,View options for resolving merge conflicts.,not_implemented,pending,pending,https://github.com/jesseduffield/lazygit/blob/c5f7158154602d23b0750d4304c73e2aead8df5b/docs/keybindings/Keybindings_en.md#L159
LG-B122,Files,f,Fetch,Fetch changes from remote.,not_implemented,pending,pending,https://github.com/jesseduffield/lazygit/blob/c5f7158154602d23b0750d4304c73e2aead8df5b/docs/keybindings/Keybindings_en.md#L160
LG-B123,Files,-,Collapse all files,Collapse all directories in the files tree,not_implemented,pending,pending,https://github.com/jesseduffield/lazygit/blob/c5f7158154602d23b0750d4304c73e2aead8df5b/docs/keybindings/Keybindings_en.md#L161
LG-B124,Files,=,Expand all files,Expand all directories in the file tree,not_implemented,pending,pending,https://github.com/jesseduffield/lazygit/blob/c5f7158154602d23b0750d4304c73e2aead8df5b/docs/keybindings/Keybindings_en.md#L162
LG-B125,Files,0,Focus main view,,not_implemented,pending,pending,https://github.com/jesseduffield/lazygit/blob/c5f7158154602d23b0750d4304c73e2aead8df5b/docs/keybindings/Keybindings_en.md#L163
LG-B126,Files,/,Filter the current view by text,,not_implemented,pending,pending,https://github.com/jesseduffield/lazygit/blob/c5f7158154602d23b0750d4304c73e2aead8df5b/docs/keybindings/Keybindings_en.md#L164
LG-B127,Input prompt,<enter>,Confirm,,not_implemented,pending,pending,https://github.com/jesseduffield/lazygit/blob/c5f7158154602d23b0750d4304c73e2aead8df5b/docs/keybindings/Keybindings_en.md#L170
LG-B128,Input prompt,<esc>,Close/Cancel,,not_implemented,pending,pending,https://github.com/jesseduffield/lazygit/blob/c5f7158154602d23b0750d4304c73e2aead8df5b/docs/keybindings/Keybindings_en.md#L171
LG-B129,Local branches,<ctrl+o>,Copy branch name to clipboard,,not_implemented,pending,pending,https://github.com/jesseduffield/lazygit/blob/c5f7158154602d23b0750d4304c73e2aead8df5b/docs/keybindings/Keybindings_en.md#L177
LG-B130,Local branches,i,Show git-flow options,,not_implemented,pending,pending,https://github.com/jesseduffield/lazygit/blob/c5f7158154602d23b0750d4304c73e2aead8df5b/docs/keybindings/Keybindings_en.md#L178
LG-B131,Local branches,<space>,Checkout,Checkout selected item.,not_implemented,pending,pending,https://github.com/jesseduffield/lazygit/blob/c5f7158154602d23b0750d4304c73e2aead8df5b/docs/keybindings/Keybindings_en.md#L179
LG-B132,Local branches,n,New branch,,not_implemented,pending,pending,https://github.com/jesseduffield/lazygit/blob/c5f7158154602d23b0750d4304c73e2aead8df5b/docs/keybindings/Keybindings_en.md#L180
LG-B133,Local branches,N,Move commits to new branch,"Create a new branch and move the unpushed commits of the current branch to it. Useful if you meant to start new work and forgot to create a new branch first.<br><br>Note that this disregards the selection, the new branch is always created either from the main branch or stacked on top of the current branch (you get to choose which).",not_implemented,pending,pending,https://github.com/jesseduffield/lazygit/blob/c5f7158154602d23b0750d4304c73e2aead8df5b/docs/keybindings/Keybindings_en.md#L181
LG-B134,Local branches,w,New worktree,,not_implemented,pending,pending,https://github.com/jesseduffield/lazygit/blob/c5f7158154602d23b0750d4304c73e2aead8df5b/docs/keybindings/Keybindings_en.md#L182
LG-B135,Local branches,o,Create pull request,,not_implemented,pending,pending,https://github.com/jesseduffield/lazygit/blob/c5f7158154602d23b0750d4304c73e2aead8df5b/docs/keybindings/Keybindings_en.md#L183
LG-B136,Local branches,O,View create pull request options,,not_implemented,pending,pending,https://github.com/jesseduffield/lazygit/blob/c5f7158154602d23b0750d4304c73e2aead8df5b/docs/keybindings/Keybindings_en.md#L184
LG-B137,Local branches,G,Open pull request in browser,,not_implemented,pending,pending,https://github.com/jesseduffield/lazygit/blob/c5f7158154602d23b0750d4304c73e2aead8df5b/docs/keybindings/Keybindings_en.md#L185
LG-B138,Local branches,<ctrl+y>,Copy pull request URL to clipboard,,not_implemented,pending,pending,https://github.com/jesseduffield/lazygit/blob/c5f7158154602d23b0750d4304c73e2aead8df5b/docs/keybindings/Keybindings_en.md#L186
LG-B139,Local branches,c,Checkout by name,Checkout by name. In the input box you can enter '-' to switch to the previous branch.,not_implemented,pending,pending,https://github.com/jesseduffield/lazygit/blob/c5f7158154602d23b0750d4304c73e2aead8df5b/docs/keybindings/Keybindings_en.md#L187
LG-B140,Local branches,-,Checkout previous branch,,not_implemented,pending,pending,https://github.com/jesseduffield/lazygit/blob/c5f7158154602d23b0750d4304c73e2aead8df5b/docs/keybindings/Keybindings_en.md#L188
LG-B141,Local branches,F,Force checkout,Force checkout selected branch. This will discard all local changes in your working directory before checking out the selected branch.,not_implemented,pending,pending,https://github.com/jesseduffield/lazygit/blob/c5f7158154602d23b0750d4304c73e2aead8df5b/docs/keybindings/Keybindings_en.md#L189
LG-B142,Local branches,d,Delete,View delete options for local/remote branch.,not_implemented,pending,pending,https://github.com/jesseduffield/lazygit/blob/c5f7158154602d23b0750d4304c73e2aead8df5b/docs/keybindings/Keybindings_en.md#L190
LG-B143,Local branches,r,Rebase,Rebase the checked-out branch onto the selected branch.,not_implemented,pending,pending,https://github.com/jesseduffield/lazygit/blob/c5f7158154602d23b0750d4304c73e2aead8df5b/docs/keybindings/Keybindings_en.md#L191
LG-B144,Local branches,M,Merge,"View options for merging the selected item into the current branch (regular merge, squash merge)",not_implemented,pending,pending,https://github.com/jesseduffield/lazygit/blob/c5f7158154602d23b0750d4304c73e2aead8df5b/docs/keybindings/Keybindings_en.md#L192
LG-B145,Local branches,f,Fast-forward,"Fast-forward selected branch from its upstream. If the branch has diverged from its upstream because the upstream branch was rewritten, and it has no commits of its own, it is reset to its upstream instead. This needs reflogs to be enabled; a bare repository doesn't keep them by default (core.logAllRefUpdates).",not_implemented,pending,pending,https://github.com/jesseduffield/lazygit/blob/c5f7158154602d23b0750d4304c73e2aead8df5b/docs/keybindings/Keybindings_en.md#L193
LG-B146,Local branches,T,New tag,,not_implemented,pending,pending,https://github.com/jesseduffield/lazygit/blob/c5f7158154602d23b0750d4304c73e2aead8df5b/docs/keybindings/Keybindings_en.md#L194
LG-B147,Local branches,s,Sort order,,not_implemented,pending,pending,https://github.com/jesseduffield/lazygit/blob/c5f7158154602d23b0750d4304c73e2aead8df5b/docs/keybindings/Keybindings_en.md#L195
LG-B148,Local branches,g,Reset,,not_implemented,pending,pending,https://github.com/jesseduffield/lazygit/blob/c5f7158154602d23b0750d4304c73e2aead8df5b/docs/keybindings/Keybindings_en.md#L196
LG-B149,Local branches,R,Rename branch,,not_implemented,pending,pending,https://github.com/jesseduffield/lazygit/blob/c5f7158154602d23b0750d4304c73e2aead8df5b/docs/keybindings/Keybindings_en.md#L197
LG-B150,Local branches,u,View upstream options,View options relating to the branch's upstream e.g. setting/unsetting the upstream and resetting to the upstream.,not_implemented,pending,pending,https://github.com/jesseduffield/lazygit/blob/c5f7158154602d23b0750d4304c73e2aead8df5b/docs/keybindings/Keybindings_en.md#L198
LG-B151,Local branches,<ctrl+t>,Open external diff tool (git difftool),,not_implemented,pending,pending,https://github.com/jesseduffield/lazygit/blob/c5f7158154602d23b0750d4304c73e2aead8df5b/docs/keybindings/Keybindings_en.md#L199
LG-B152,Local branches,0,Focus main view,,not_implemented,pending,pending,https://github.com/jesseduffield/lazygit/blob/c5f7158154602d23b0750d4304c73e2aead8df5b/docs/keybindings/Keybindings_en.md#L200
LG-B153,Local branches,<enter>,View commits,,not_implemented,pending,pending,https://github.com/jesseduffield/lazygit/blob/c5f7158154602d23b0750d4304c73e2aead8df5b/docs/keybindings/Keybindings_en.md#L201
LG-B154,Local branches,/,Filter the current view by text,,not_implemented,pending,pending,https://github.com/jesseduffield/lazygit/blob/c5f7158154602d23b0750d4304c73e2aead8df5b/docs/keybindings/Keybindings_en.md#L202
LG-B155,Main panel (merging),<space>,Pick hunk,,not_implemented,pending,pending,https://github.com/jesseduffield/lazygit/blob/c5f7158154602d23b0750d4304c73e2aead8df5b/docs/keybindings/Keybindings_en.md#L208
LG-B156,Main panel (merging),b,Pick both hunks,,not_implemented,pending,pending,https://github.com/jesseduffield/lazygit/blob/c5f7158154602d23b0750d4304c73e2aead8df5b/docs/keybindings/Keybindings_en.md#L209
LG-B157,Main panel (merging),"<up>, k",Previous hunk,,not_implemented,pending,pending,https://github.com/jesseduffield/lazygit/blob/c5f7158154602d23b0750d4304c73e2aead8df5b/docs/keybindings/Keybindings_en.md#L210
LG-B158,Main panel (merging),"<down>, j",Next hunk,,not_implemented,pending,pending,https://github.com/jesseduffield/lazygit/blob/c5f7158154602d23b0750d4304c73e2aead8df5b/docs/keybindings/Keybindings_en.md#L211
LG-B159,Main panel (merging),"<left>, h",Previous conflict,,not_implemented,pending,pending,https://github.com/jesseduffield/lazygit/blob/c5f7158154602d23b0750d4304c73e2aead8df5b/docs/keybindings/Keybindings_en.md#L212
LG-B160,Main panel (merging),"<right>, l",Next conflict,,not_implemented,pending,pending,https://github.com/jesseduffield/lazygit/blob/c5f7158154602d23b0750d4304c73e2aead8df5b/docs/keybindings/Keybindings_en.md#L213
LG-B161,Main panel (merging),z,Undo,Undo last merge conflict resolution.,not_implemented,pending,pending,https://github.com/jesseduffield/lazygit/blob/c5f7158154602d23b0750d4304c73e2aead8df5b/docs/keybindings/Keybindings_en.md#L214
LG-B162,Main panel (merging),e,Edit file,Open file in external editor.,not_implemented,pending,pending,https://github.com/jesseduffield/lazygit/blob/c5f7158154602d23b0750d4304c73e2aead8df5b/docs/keybindings/Keybindings_en.md#L215
LG-B163,Main panel (merging),o,Open file,Open file in default application.,not_implemented,pending,pending,https://github.com/jesseduffield/lazygit/blob/c5f7158154602d23b0750d4304c73e2aead8df5b/docs/keybindings/Keybindings_en.md#L216
LG-B164,Main panel (merging),M,View merge conflict options,View options for resolving merge conflicts.,not_implemented,pending,pending,https://github.com/jesseduffield/lazygit/blob/c5f7158154602d23b0750d4304c73e2aead8df5b/docs/keybindings/Keybindings_en.md#L217
LG-B165,Main panel (merging),<esc>,Return to files panel,,not_implemented,pending,pending,https://github.com/jesseduffield/lazygit/blob/c5f7158154602d23b0750d4304c73e2aead8df5b/docs/keybindings/Keybindings_en.md#L218
LG-B166,Main panel (normal),<mouse wheel down> (fn+up),Scroll down,,not_implemented,pending,pending,https://github.com/jesseduffield/lazygit/blob/c5f7158154602d23b0750d4304c73e2aead8df5b/docs/keybindings/Keybindings_en.md#L224
LG-B167,Main panel (normal),<mouse wheel up> (fn+down),Scroll up,,not_implemented,pending,pending,https://github.com/jesseduffield/lazygit/blob/c5f7158154602d23b0750d4304c73e2aead8df5b/docs/keybindings/Keybindings_en.md#L225
LG-B168,Main panel (normal),<tab>,Switch diff pane,Switch to the other focused diff pane.,not_implemented,pending,pending,https://github.com/jesseduffield/lazygit/blob/c5f7158154602d23b0750d4304c73e2aead8df5b/docs/keybindings/Keybindings_en.md#L226
LG-B169,Main panel (normal),a,Toggle hunk selection,Toggle line-by-line vs. hunk selection mode.,not_implemented,pending,pending,https://github.com/jesseduffield/lazygit/blob/c5f7158154602d23b0750d4304c73e2aead8df5b/docs/keybindings/Keybindings_en.md#L227
LG-B170,Main panel (normal),v,Toggle range select,,not_implemented,pending,pending,https://github.com/jesseduffield/lazygit/blob/c5f7158154602d23b0750d4304c73e2aead8df5b/docs/keybindings/Keybindings_en.md#L228
LG-B171,Main panel (normal),e,Edit file,Open file in external editor.,not_implemented,pending,pending,https://github.com/jesseduffield/lazygit/blob/c5f7158154602d23b0750d4304c73e2aead8df5b/docs/keybindings/Keybindings_en.md#L229
LG-B172,Main panel (normal),<space>,Stage,Toggle selection staged / unstaged.,not_implemented,pending,pending,https://github.com/jesseduffield/lazygit/blob/c5f7158154602d23b0750d4304c73e2aead8df5b/docs/keybindings/Keybindings_en.md#L230
LG-B173,Main panel (normal),d,Discard,"When unstaged change is selected, discard the change using `git reset`. When staged change is selected, unstage the change.",not_implemented,pending,pending,https://github.com/jesseduffield/lazygit/blob/c5f7158154602d23b0750d4304c73e2aead8df5b/docs/keybindings/Keybindings_en.md#L231
LG-B174,Main panel (normal),E,Edit hunk,Edit selected hunk in external editor.,not_implemented,pending,pending,https://github.com/jesseduffield/lazygit/blob/c5f7158154602d23b0750d4304c73e2aead8df5b/docs/keybindings/Keybindings_en.md#L232
LG-B175,Main panel (normal),<ctrl+o>,Copy selected diff lines to clipboard,,not_implemented,pending,pending,https://github.com/jesseduffield/lazygit/blob/c5f7158154602d23b0750d4304c73e2aead8df5b/docs/keybindings/Keybindings_en.md#L233
LG-B176,Main panel (normal),"<left>, h",Go to previous hunk,,not_implemented,pending,pending,https://github.com/jesseduffield/lazygit/blob/c5f7158154602d23b0750d4304c73e2aead8df5b/docs/keybindings/Keybindings_en.md#L234
LG-B177,Main panel (normal),"<right>, l",Go to next hunk,,not_implemented,pending,pending,https://github.com/jesseduffield/lazygit/blob/c5f7158154602d23b0750d4304c73e2aead8df5b/docs/keybindings/Keybindings_en.md#L235
LG-B178,Main panel (normal),N,Go to previous file,,not_implemented,pending,pending,https://github.com/jesseduffield/lazygit/blob/c5f7158154602d23b0750d4304c73e2aead8df5b/docs/keybindings/Keybindings_en.md#L236
LG-B179,Main panel (normal),n,Go to next file,,not_implemented,pending,pending,https://github.com/jesseduffield/lazygit/blob/c5f7158154602d23b0750d4304c73e2aead8df5b/docs/keybindings/Keybindings_en.md#L237
LG-B180,Main panel (normal),<ctrl+g>,Jump to file,,not_implemented,pending,pending,https://github.com/jesseduffield/lazygit/blob/c5f7158154602d23b0750d4304c73e2aead8df5b/docs/keybindings/Keybindings_en.md#L238
LG-B181,Main panel (normal),G,Open pull request at selected line,"Open the branch's pull request in your browser, at the line the selection is on, so that you can comment on it there. Only pull requests on GitHub are found.",not_implemented,pending,pending,https://github.com/jesseduffield/lazygit/blob/c5f7158154602d23b0750d4304c73e2aead8df5b/docs/keybindings/Keybindings_en.md#L239
LG-B182,Main panel (normal),<esc>,Exit back to side panel,,not_implemented,pending,pending,https://github.com/jesseduffield/lazygit/blob/c5f7158154602d23b0750d4304c73e2aead8df5b/docs/keybindings/Keybindings_en.md#L240
LG-B183,Main panel (normal),c,Commit,Commit staged changes.,not_implemented,pending,pending,https://github.com/jesseduffield/lazygit/blob/c5f7158154602d23b0750d4304c73e2aead8df5b/docs/keybindings/Keybindings_en.md#L241
LG-B184,Main panel (normal),w,Commit changes without pre-commit hook,,not_implemented,pending,pending,https://github.com/jesseduffield/lazygit/blob/c5f7158154602d23b0750d4304c73e2aead8df5b/docs/keybindings/Keybindings_en.md#L242
LG-B185,Main panel (normal),C,Commit changes using git editor,,not_implemented,pending,pending,https://github.com/jesseduffield/lazygit/blob/c5f7158154602d23b0750d4304c73e2aead8df5b/docs/keybindings/Keybindings_en.md#L243
LG-B186,Main panel (normal),<ctrl+f>,Find base commit for fixup,"Find the commit that your current changes are building upon, for the sake of amending/fixing up the commit. This spares you from having to look through your branch's commits one-by-one to see which commit should be amended/fixed up. See docs: <https://github.com/jesseduffield/lazygit/tree/master/docs/Fixup_Commits.md>",not_implemented,pending,pending,https://github.com/jesseduffield/lazygit/blob/c5f7158154602d23b0750d4304c73e2aead8df5b/docs/keybindings/Keybindings_en.md#L244
LG-B187,Main panel (normal),/,Search the current view by text,,not_implemented,pending,pending,https://github.com/jesseduffield/lazygit/blob/c5f7158154602d23b0750d4304c73e2aead8df5b/docs/keybindings/Keybindings_en.md#L245
LG-B188,Menu,<enter>,Execute,,not_implemented,pending,pending,https://github.com/jesseduffield/lazygit/blob/c5f7158154602d23b0750d4304c73e2aead8df5b/docs/keybindings/Keybindings_en.md#L251
LG-B189,Menu,<esc>,Close/Cancel,,not_implemented,pending,pending,https://github.com/jesseduffield/lazygit/blob/c5f7158154602d23b0750d4304c73e2aead8df5b/docs/keybindings/Keybindings_en.md#L252
LG-B190,Menu,/,Filter the current view by text,,not_implemented,pending,pending,https://github.com/jesseduffield/lazygit/blob/c5f7158154602d23b0750d4304c73e2aead8df5b/docs/keybindings/Keybindings_en.md#L253
LG-B191,Reflog,<ctrl+o>,Copy abbreviated commit hash to clipboard,,not_implemented,pending,pending,https://github.com/jesseduffield/lazygit/blob/c5f7158154602d23b0750d4304c73e2aead8df5b/docs/keybindings/Keybindings_en.md#L259
LG-B192,Reflog,<space>,Checkout,Checkout the selected commit as a detached HEAD.,not_implemented,pending,pending,https://github.com/jesseduffield/lazygit/blob/c5f7158154602d23b0750d4304c73e2aead8df5b/docs/keybindings/Keybindings_en.md#L260
LG-B193,Reflog,y,Copy commit attribute to clipboard,"Copy commit attribute to clipboard (e.g. hash, URL, diff, message, author).",not_implemented,pending,pending,https://github.com/jesseduffield/lazygit/blob/c5f7158154602d23b0750d4304c73e2aead8df5b/docs/keybindings/Keybindings_en.md#L261
LG-B194,Reflog,o,Open commit in browser,,not_implemented,pending,pending,https://github.com/jesseduffield/lazygit/blob/c5f7158154602d23b0750d4304c73e2aead8df5b/docs/keybindings/Keybindings_en.md#L262
LG-B195,Reflog,n,Create new branch off of commit,,not_implemented,pending,pending,https://github.com/jesseduffield/lazygit/blob/c5f7158154602d23b0750d4304c73e2aead8df5b/docs/keybindings/Keybindings_en.md#L263
LG-B196,Reflog,N,Move commits to new branch,"Create a new branch and move the unpushed commits of the current branch to it. Useful if you meant to start new work and forgot to create a new branch first.<br><br>Note that this disregards the selection, the new branch is always created either from the main branch or stacked on top of the current branch (you get to choose which).",not_implemented,pending,pending,https://github.com/jesseduffield/lazygit/blob/c5f7158154602d23b0750d4304c73e2aead8df5b/docs/keybindings/Keybindings_en.md#L264
LG-B197,Reflog,w,New worktree,,not_implemented,pending,pending,https://github.com/jesseduffield/lazygit/blob/c5f7158154602d23b0750d4304c73e2aead8df5b/docs/keybindings/Keybindings_en.md#L265
LG-B198,Reflog,g,Reset,View reset options (soft/mixed/hard) for resetting onto selected item.,not_implemented,pending,pending,https://github.com/jesseduffield/lazygit/blob/c5f7158154602d23b0750d4304c73e2aead8df5b/docs/keybindings/Keybindings_en.md#L266
LG-B199,Reflog,C,Copy (cherry-pick),"Mark commit as copied. Then, within the local commits view, you can press `V` to paste (cherry-pick) the copied commit(s) into your checked out branch. At any time you can press `<esc>` to cancel the selection.",not_implemented,pending,pending,https://github.com/jesseduffield/lazygit/blob/c5f7158154602d23b0750d4304c73e2aead8df5b/docs/keybindings/Keybindings_en.md#L267
LG-B200,Reflog,<ctrl+r>,Reset copied (cherry-picked) commits selection,,not_implemented,pending,pending,https://github.com/jesseduffield/lazygit/blob/c5f7158154602d23b0750d4304c73e2aead8df5b/docs/keybindings/Keybindings_en.md#L268
LG-B201,Reflog,<ctrl+t>,Open external diff tool (git difftool),,not_implemented,pending,pending,https://github.com/jesseduffield/lazygit/blob/c5f7158154602d23b0750d4304c73e2aead8df5b/docs/keybindings/Keybindings_en.md#L269
LG-B202,Reflog,*,Select commits of current branch,,not_implemented,pending,pending,https://github.com/jesseduffield/lazygit/blob/c5f7158154602d23b0750d4304c73e2aead8df5b/docs/keybindings/Keybindings_en.md#L270
LG-B203,Reflog,0,Focus main view,,not_implemented,pending,pending,https://github.com/jesseduffield/lazygit/blob/c5f7158154602d23b0750d4304c73e2aead8df5b/docs/keybindings/Keybindings_en.md#L271
LG-B204,Reflog,<enter>,View commits,,not_implemented,pending,pending,https://github.com/jesseduffield/lazygit/blob/c5f7158154602d23b0750d4304c73e2aead8df5b/docs/keybindings/Keybindings_en.md#L272
LG-B205,Reflog,/,Filter the current view by text,,not_implemented,pending,pending,https://github.com/jesseduffield/lazygit/blob/c5f7158154602d23b0750d4304c73e2aead8df5b/docs/keybindings/Keybindings_en.md#L273
LG-B206,Remote branches,<ctrl+o>,Copy branch name to clipboard,,not_implemented,pending,pending,https://github.com/jesseduffield/lazygit/blob/c5f7158154602d23b0750d4304c73e2aead8df5b/docs/keybindings/Keybindings_en.md#L279
LG-B207,Remote branches,<space>,Checkout,"Checkout a new local branch based on the selected remote branch, or the remote branch as a detached head.",not_implemented,pending,pending,https://github.com/jesseduffield/lazygit/blob/c5f7158154602d23b0750d4304c73e2aead8df5b/docs/keybindings/Keybindings_en.md#L280
LG-B208,Remote branches,n,New branch,,not_implemented,pending,pending,https://github.com/jesseduffield/lazygit/blob/c5f7158154602d23b0750d4304c73e2aead8df5b/docs/keybindings/Keybindings_en.md#L281
LG-B209,Remote branches,w,New worktree,,not_implemented,pending,pending,https://github.com/jesseduffield/lazygit/blob/c5f7158154602d23b0750d4304c73e2aead8df5b/docs/keybindings/Keybindings_en.md#L282
LG-B210,Remote branches,M,Merge,"View options for merging the selected item into the current branch (regular merge, squash merge)",not_implemented,pending,pending,https://github.com/jesseduffield/lazygit/blob/c5f7158154602d23b0750d4304c73e2aead8df5b/docs/keybindings/Keybindings_en.md#L283
LG-B211,Remote branches,r,Rebase,Rebase the checked-out branch onto the selected branch.,not_implemented,pending,pending,https://github.com/jesseduffield/lazygit/blob/c5f7158154602d23b0750d4304c73e2aead8df5b/docs/keybindings/Keybindings_en.md#L284
LG-B212,Remote branches,d,Delete,Delete the remote branch from the remote.,not_implemented,pending,pending,https://github.com/jesseduffield/lazygit/blob/c5f7158154602d23b0750d4304c73e2aead8df5b/docs/keybindings/Keybindings_en.md#L285
LG-B213,Remote branches,u,Set as upstream,Set the selected remote branch as the upstream of the checked-out branch.,not_implemented,pending,pending,https://github.com/jesseduffield/lazygit/blob/c5f7158154602d23b0750d4304c73e2aead8df5b/docs/keybindings/Keybindings_en.md#L286
LG-B214,Remote branches,s,Sort order,,not_implemented,pending,pending,https://github.com/jesseduffield/lazygit/blob/c5f7158154602d23b0750d4304c73e2aead8df5b/docs/keybindings/Keybindings_en.md#L287
LG-B215,Remote branches,g,Reset,View reset options (soft/mixed/hard) for resetting onto selected item.,not_implemented,pending,pending,https://github.com/jesseduffield/lazygit/blob/c5f7158154602d23b0750d4304c73e2aead8df5b/docs/keybindings/Keybindings_en.md#L288
LG-B216,Remote branches,<ctrl+t>,Open external diff tool (git difftool),,not_implemented,pending,pending,https://github.com/jesseduffield/lazygit/blob/c5f7158154602d23b0750d4304c73e2aead8df5b/docs/keybindings/Keybindings_en.md#L289
LG-B217,Remote branches,0,Focus main view,,not_implemented,pending,pending,https://github.com/jesseduffield/lazygit/blob/c5f7158154602d23b0750d4304c73e2aead8df5b/docs/keybindings/Keybindings_en.md#L290
LG-B218,Remote branches,<enter>,View commits,,not_implemented,pending,pending,https://github.com/jesseduffield/lazygit/blob/c5f7158154602d23b0750d4304c73e2aead8df5b/docs/keybindings/Keybindings_en.md#L291
LG-B219,Remote branches,/,Filter the current view by text,,not_implemented,pending,pending,https://github.com/jesseduffield/lazygit/blob/c5f7158154602d23b0750d4304c73e2aead8df5b/docs/keybindings/Keybindings_en.md#L292
LG-B220,Remotes,<enter>,View branches,,not_implemented,pending,pending,https://github.com/jesseduffield/lazygit/blob/c5f7158154602d23b0750d4304c73e2aead8df5b/docs/keybindings/Keybindings_en.md#L298
LG-B221,Remotes,n,New remote,,not_implemented,pending,pending,https://github.com/jesseduffield/lazygit/blob/c5f7158154602d23b0750d4304c73e2aead8df5b/docs/keybindings/Keybindings_en.md#L299
LG-B222,Remotes,d,Remove,Remove the selected remote. Any local branches tracking a remote branch from the remote will be unaffected.,not_implemented,pending,pending,https://github.com/jesseduffield/lazygit/blob/c5f7158154602d23b0750d4304c73e2aead8df5b/docs/keybindings/Keybindings_en.md#L300
LG-B223,Remotes,e,Edit,Edit the selected remote's name or URL.,not_implemented,pending,pending,https://github.com/jesseduffield/lazygit/blob/c5f7158154602d23b0750d4304c73e2aead8df5b/docs/keybindings/Keybindings_en.md#L301
LG-B224,Remotes,f,Fetch,Fetch updates from the remote repository. This retrieves new commits and branches without merging them into your local branches.,not_implemented,pending,pending,https://github.com/jesseduffield/lazygit/blob/c5f7158154602d23b0750d4304c73e2aead8df5b/docs/keybindings/Keybindings_en.md#L302
LG-B225,Remotes,F,Add fork remote,Quickly add a fork remote by replacing the owner in the origin URL and optionally check out a branch from new remote.,not_implemented,pending,pending,https://github.com/jesseduffield/lazygit/blob/c5f7158154602d23b0750d4304c73e2aead8df5b/docs/keybindings/Keybindings_en.md#L303
LG-B226,Remotes,/,Filter the current view by text,,not_implemented,pending,pending,https://github.com/jesseduffield/lazygit/blob/c5f7158154602d23b0750d4304c73e2aead8df5b/docs/keybindings/Keybindings_en.md#L304
LG-B227,Secondary,<tab>,Switch diff pane,Switch to the other focused diff pane.,not_implemented,pending,pending,https://github.com/jesseduffield/lazygit/blob/c5f7158154602d23b0750d4304c73e2aead8df5b/docs/keybindings/Keybindings_en.md#L310
LG-B228,Secondary,a,Toggle hunk selection,Toggle line-by-line vs. hunk selection mode.,not_implemented,pending,pending,https://github.com/jesseduffield/lazygit/blob/c5f7158154602d23b0750d4304c73e2aead8df5b/docs/keybindings/Keybindings_en.md#L311
LG-B229,Secondary,v,Toggle range select,,not_implemented,pending,pending,https://github.com/jesseduffield/lazygit/blob/c5f7158154602d23b0750d4304c73e2aead8df5b/docs/keybindings/Keybindings_en.md#L312
LG-B230,Secondary,e,Edit file,Open file in external editor.,not_implemented,pending,pending,https://github.com/jesseduffield/lazygit/blob/c5f7158154602d23b0750d4304c73e2aead8df5b/docs/keybindings/Keybindings_en.md#L313
LG-B231,Secondary,<space>,Stage,Toggle selection staged / unstaged.,not_implemented,pending,pending,https://github.com/jesseduffield/lazygit/blob/c5f7158154602d23b0750d4304c73e2aead8df5b/docs/keybindings/Keybindings_en.md#L314
LG-B232,Secondary,d,Discard,"When unstaged change is selected, discard the change using `git reset`. When staged change is selected, unstage the change.",not_implemented,pending,pending,https://github.com/jesseduffield/lazygit/blob/c5f7158154602d23b0750d4304c73e2aead8df5b/docs/keybindings/Keybindings_en.md#L315
LG-B233,Secondary,E,Edit hunk,Edit selected hunk in external editor.,not_implemented,pending,pending,https://github.com/jesseduffield/lazygit/blob/c5f7158154602d23b0750d4304c73e2aead8df5b/docs/keybindings/Keybindings_en.md#L316
LG-B234,Secondary,<ctrl+o>,Copy selected diff lines to clipboard,,not_implemented,pending,pending,https://github.com/jesseduffield/lazygit/blob/c5f7158154602d23b0750d4304c73e2aead8df5b/docs/keybindings/Keybindings_en.md#L317
LG-B235,Secondary,"<left>, h",Go to previous hunk,,not_implemented,pending,pending,https://github.com/jesseduffield/lazygit/blob/c5f7158154602d23b0750d4304c73e2aead8df5b/docs/keybindings/Keybindings_en.md#L318
LG-B236,Secondary,"<right>, l",Go to next hunk,,not_implemented,pending,pending,https://github.com/jesseduffield/lazygit/blob/c5f7158154602d23b0750d4304c73e2aead8df5b/docs/keybindings/Keybindings_en.md#L319
LG-B237,Secondary,N,Go to previous file,,not_implemented,pending,pending,https://github.com/jesseduffield/lazygit/blob/c5f7158154602d23b0750d4304c73e2aead8df5b/docs/keybindings/Keybindings_en.md#L320
LG-B238,Secondary,n,Go to next file,,not_implemented,pending,pending,https://github.com/jesseduffield/lazygit/blob/c5f7158154602d23b0750d4304c73e2aead8df5b/docs/keybindings/Keybindings_en.md#L321
LG-B239,Secondary,<ctrl+g>,Jump to file,,not_implemented,pending,pending,https://github.com/jesseduffield/lazygit/blob/c5f7158154602d23b0750d4304c73e2aead8df5b/docs/keybindings/Keybindings_en.md#L322
LG-B240,Secondary,G,Open pull request at selected line,"Open the branch's pull request in your browser, at the line the selection is on, so that you can comment on it there. Only pull requests on GitHub are found.",not_implemented,pending,pending,https://github.com/jesseduffield/lazygit/blob/c5f7158154602d23b0750d4304c73e2aead8df5b/docs/keybindings/Keybindings_en.md#L323
LG-B241,Secondary,<esc>,Exit back to side panel,,not_implemented,pending,pending,https://github.com/jesseduffield/lazygit/blob/c5f7158154602d23b0750d4304c73e2aead8df5b/docs/keybindings/Keybindings_en.md#L324
LG-B242,Secondary,c,Commit,Commit staged changes.,not_implemented,pending,pending,https://github.com/jesseduffield/lazygit/blob/c5f7158154602d23b0750d4304c73e2aead8df5b/docs/keybindings/Keybindings_en.md#L325
LG-B243,Secondary,w,Commit changes without pre-commit hook,,not_implemented,pending,pending,https://github.com/jesseduffield/lazygit/blob/c5f7158154602d23b0750d4304c73e2aead8df5b/docs/keybindings/Keybindings_en.md#L326
LG-B244,Secondary,C,Commit changes using git editor,,not_implemented,pending,pending,https://github.com/jesseduffield/lazygit/blob/c5f7158154602d23b0750d4304c73e2aead8df5b/docs/keybindings/Keybindings_en.md#L327
LG-B245,Secondary,<ctrl+f>,Find base commit for fixup,"Find the commit that your current changes are building upon, for the sake of amending/fixing up the commit. This spares you from having to look through your branch's commits one-by-one to see which commit should be amended/fixed up. See docs: <https://github.com/jesseduffield/lazygit/tree/master/docs/Fixup_Commits.md>",not_implemented,pending,pending,https://github.com/jesseduffield/lazygit/blob/c5f7158154602d23b0750d4304c73e2aead8df5b/docs/keybindings/Keybindings_en.md#L328
LG-B246,Secondary,/,Search the current view by text,,not_implemented,pending,pending,https://github.com/jesseduffield/lazygit/blob/c5f7158154602d23b0750d4304c73e2aead8df5b/docs/keybindings/Keybindings_en.md#L329
LG-B247,Stash,<space>,Apply,Apply the stash entry to your working directory.,not_implemented,pending,pending,https://github.com/jesseduffield/lazygit/blob/c5f7158154602d23b0750d4304c73e2aead8df5b/docs/keybindings/Keybindings_en.md#L335
LG-B248,Stash,g,Pop,Apply the stash entry to your working directory and remove the stash entry.,not_implemented,pending,pending,https://github.com/jesseduffield/lazygit/blob/c5f7158154602d23b0750d4304c73e2aead8df5b/docs/keybindings/Keybindings_en.md#L336
LG-B249,Stash,d,Drop,Remove the stash entry from the stash list.,not_implemented,pending,pending,https://github.com/jesseduffield/lazygit/blob/c5f7158154602d23b0750d4304c73e2aead8df5b/docs/keybindings/Keybindings_en.md#L337
LG-B250,Stash,n,New branch,"Create a new branch from the selected stash entry. This works by git checking out the commit that the stash entry was created from, creating a new branch from that commit, then applying the stash entry to the new branch as an additional commit.",not_implemented,pending,pending,https://github.com/jesseduffield/lazygit/blob/c5f7158154602d23b0750d4304c73e2aead8df5b/docs/keybindings/Keybindings_en.md#L338
LG-B251,Stash,w,New worktree,,not_implemented,pending,pending,https://github.com/jesseduffield/lazygit/blob/c5f7158154602d23b0750d4304c73e2aead8df5b/docs/keybindings/Keybindings_en.md#L339
LG-B252,Stash,r,Rename stash,,not_implemented,pending,pending,https://github.com/jesseduffield/lazygit/blob/c5f7158154602d23b0750d4304c73e2aead8df5b/docs/keybindings/Keybindings_en.md#L340
LG-B253,Stash,0,Focus main view,,not_implemented,pending,pending,https://github.com/jesseduffield/lazygit/blob/c5f7158154602d23b0750d4304c73e2aead8df5b/docs/keybindings/Keybindings_en.md#L341
LG-B254,Stash,<enter>,View files,,not_implemented,pending,pending,https://github.com/jesseduffield/lazygit/blob/c5f7158154602d23b0750d4304c73e2aead8df5b/docs/keybindings/Keybindings_en.md#L342
LG-B255,Stash,/,Filter the current view by text,,not_implemented,pending,pending,https://github.com/jesseduffield/lazygit/blob/c5f7158154602d23b0750d4304c73e2aead8df5b/docs/keybindings/Keybindings_en.md#L343
LG-B256,Status,e,Edit config file,Open file in external editor.,not_implemented,pending,pending,https://github.com/jesseduffield/lazygit/blob/c5f7158154602d23b0750d4304c73e2aead8df5b/docs/keybindings/Keybindings_en.md#L349
LG-B257,Status,u,Check for update,,not_implemented,pending,pending,https://github.com/jesseduffield/lazygit/blob/c5f7158154602d23b0750d4304c73e2aead8df5b/docs/keybindings/Keybindings_en.md#L350
LG-B258,Status,<enter>,Switch to a recent repo,,not_implemented,pending,pending,https://github.com/jesseduffield/lazygit/blob/c5f7158154602d23b0750d4304c73e2aead8df5b/docs/keybindings/Keybindings_en.md#L351
LG-B259,Status,a,Show/cycle all branch logs,,not_implemented,pending,pending,https://github.com/jesseduffield/lazygit/blob/c5f7158154602d23b0750d4304c73e2aead8df5b/docs/keybindings/Keybindings_en.md#L352
LG-B260,Status,A,Show/cycle all branch logs (reverse),,not_implemented,pending,pending,https://github.com/jesseduffield/lazygit/blob/c5f7158154602d23b0750d4304c73e2aead8df5b/docs/keybindings/Keybindings_en.md#L353
LG-B261,Status,0,Focus main view,,not_implemented,pending,pending,https://github.com/jesseduffield/lazygit/blob/c5f7158154602d23b0750d4304c73e2aead8df5b/docs/keybindings/Keybindings_en.md#L354
LG-B262,Sub-commits,<ctrl+o>,Copy abbreviated commit hash to clipboard,,not_implemented,pending,pending,https://github.com/jesseduffield/lazygit/blob/c5f7158154602d23b0750d4304c73e2aead8df5b/docs/keybindings/Keybindings_en.md#L360
LG-B263,Sub-commits,<space>,Checkout,Checkout the selected commit as a detached HEAD.,not_implemented,pending,pending,https://github.com/jesseduffield/lazygit/blob/c5f7158154602d23b0750d4304c73e2aead8df5b/docs/keybindings/Keybindings_en.md#L361
LG-B264,Sub-commits,y,Copy commit attribute to clipboard,"Copy commit attribute to clipboard (e.g. hash, URL, diff, message, author).",not_implemented,pending,pending,https://github.com/jesseduffield/lazygit/blob/c5f7158154602d23b0750d4304c73e2aead8df5b/docs/keybindings/Keybindings_en.md#L362
LG-B265,Sub-commits,o,Open commit in browser,,not_implemented,pending,pending,https://github.com/jesseduffield/lazygit/blob/c5f7158154602d23b0750d4304c73e2aead8df5b/docs/keybindings/Keybindings_en.md#L363
LG-B266,Sub-commits,n,Create new branch off of commit,,not_implemented,pending,pending,https://github.com/jesseduffield/lazygit/blob/c5f7158154602d23b0750d4304c73e2aead8df5b/docs/keybindings/Keybindings_en.md#L364
LG-B267,Sub-commits,N,Move commits to new branch,"Create a new branch and move the unpushed commits of the current branch to it. Useful if you meant to start new work and forgot to create a new branch first.<br><br>Note that this disregards the selection, the new branch is always created either from the main branch or stacked on top of the current branch (you get to choose which).",not_implemented,pending,pending,https://github.com/jesseduffield/lazygit/blob/c5f7158154602d23b0750d4304c73e2aead8df5b/docs/keybindings/Keybindings_en.md#L365
LG-B268,Sub-commits,w,New worktree,,not_implemented,pending,pending,https://github.com/jesseduffield/lazygit/blob/c5f7158154602d23b0750d4304c73e2aead8df5b/docs/keybindings/Keybindings_en.md#L366
LG-B269,Sub-commits,g,Reset,View reset options (soft/mixed/hard) for resetting onto selected item.,not_implemented,pending,pending,https://github.com/jesseduffield/lazygit/blob/c5f7158154602d23b0750d4304c73e2aead8df5b/docs/keybindings/Keybindings_en.md#L367
LG-B270,Sub-commits,C,Copy (cherry-pick),"Mark commit as copied. Then, within the local commits view, you can press `V` to paste (cherry-pick) the copied commit(s) into your checked out branch. At any time you can press `<esc>` to cancel the selection.",not_implemented,pending,pending,https://github.com/jesseduffield/lazygit/blob/c5f7158154602d23b0750d4304c73e2aead8df5b/docs/keybindings/Keybindings_en.md#L368
LG-B271,Sub-commits,<ctrl+r>,Reset copied (cherry-picked) commits selection,,not_implemented,pending,pending,https://github.com/jesseduffield/lazygit/blob/c5f7158154602d23b0750d4304c73e2aead8df5b/docs/keybindings/Keybindings_en.md#L369
LG-B272,Sub-commits,<ctrl+t>,Open external diff tool (git difftool),,not_implemented,pending,pending,https://github.com/jesseduffield/lazygit/blob/c5f7158154602d23b0750d4304c73e2aead8df5b/docs/keybindings/Keybindings_en.md#L370
LG-B273,Sub-commits,*,Select commits of current branch,,not_implemented,pending,pending,https://github.com/jesseduffield/lazygit/blob/c5f7158154602d23b0750d4304c73e2aead8df5b/docs/keybindings/Keybindings_en.md#L371
LG-B274,Sub-commits,0,Focus main view,,not_implemented,pending,pending,https://github.com/jesseduffield/lazygit/blob/c5f7158154602d23b0750d4304c73e2aead8df5b/docs/keybindings/Keybindings_en.md#L372
LG-B275,Sub-commits,<enter>,View files,,not_implemented,pending,pending,https://github.com/jesseduffield/lazygit/blob/c5f7158154602d23b0750d4304c73e2aead8df5b/docs/keybindings/Keybindings_en.md#L373
LG-B276,Sub-commits,/,Search the current view by text,,not_implemented,pending,pending,https://github.com/jesseduffield/lazygit/blob/c5f7158154602d23b0750d4304c73e2aead8df5b/docs/keybindings/Keybindings_en.md#L374
LG-B277,Submodules,<ctrl+o>,Copy submodule name to clipboard,,not_implemented,pending,pending,https://github.com/jesseduffield/lazygit/blob/c5f7158154602d23b0750d4304c73e2aead8df5b/docs/keybindings/Keybindings_en.md#L380
LG-B278,Submodules,<enter>,Enter,"Enter submodule. After entering the submodule, you can press `<esc>` to escape back to the parent repo.",not_implemented,pending,pending,https://github.com/jesseduffield/lazygit/blob/c5f7158154602d23b0750d4304c73e2aead8df5b/docs/keybindings/Keybindings_en.md#L381
LG-B279,Submodules,d,Remove,Remove the selected submodule and its corresponding directory.,not_implemented,pending,pending,https://github.com/jesseduffield/lazygit/blob/c5f7158154602d23b0750d4304c73e2aead8df5b/docs/keybindings/Keybindings_en.md#L382
LG-B280,Submodules,u,Update,Update selected submodule.,not_implemented,pending,pending,https://github.com/jesseduffield/lazygit/blob/c5f7158154602d23b0750d4304c73e2aead8df5b/docs/keybindings/Keybindings_en.md#L383
LG-B281,Submodules,n,New submodule,,not_implemented,pending,pending,https://github.com/jesseduffield/lazygit/blob/c5f7158154602d23b0750d4304c73e2aead8df5b/docs/keybindings/Keybindings_en.md#L384
LG-B282,Submodules,e,Update submodule URL,,not_implemented,pending,pending,https://github.com/jesseduffield/lazygit/blob/c5f7158154602d23b0750d4304c73e2aead8df5b/docs/keybindings/Keybindings_en.md#L385
LG-B283,Submodules,i,Initialize,Initialize the selected submodule to prepare for fetching. You probably want to follow this up by invoking the 'update' action to fetch the submodule.,not_implemented,pending,pending,https://github.com/jesseduffield/lazygit/blob/c5f7158154602d23b0750d4304c73e2aead8df5b/docs/keybindings/Keybindings_en.md#L386
LG-B284,Submodules,b,View bulk submodule options,,not_implemented,pending,pending,https://github.com/jesseduffield/lazygit/blob/c5f7158154602d23b0750d4304c73e2aead8df5b/docs/keybindings/Keybindings_en.md#L387
LG-B285,Submodules,/,Filter the current view by text,,not_implemented,pending,pending,https://github.com/jesseduffield/lazygit/blob/c5f7158154602d23b0750d4304c73e2aead8df5b/docs/keybindings/Keybindings_en.md#L388
LG-B286,Tags,<ctrl+o>,Copy tag to clipboard,,not_implemented,pending,pending,https://github.com/jesseduffield/lazygit/blob/c5f7158154602d23b0750d4304c73e2aead8df5b/docs/keybindings/Keybindings_en.md#L394
LG-B287,Tags,<space>,Checkout,Checkout the selected tag as a detached HEAD.,not_implemented,pending,pending,https://github.com/jesseduffield/lazygit/blob/c5f7158154602d23b0750d4304c73e2aead8df5b/docs/keybindings/Keybindings_en.md#L395
LG-B288,Tags,n,New tag,Create new tag from current commit. You'll be prompted to enter a tag name and optional description.,not_implemented,pending,pending,https://github.com/jesseduffield/lazygit/blob/c5f7158154602d23b0750d4304c73e2aead8df5b/docs/keybindings/Keybindings_en.md#L396
LG-B289,Tags,w,New worktree,,not_implemented,pending,pending,https://github.com/jesseduffield/lazygit/blob/c5f7158154602d23b0750d4304c73e2aead8df5b/docs/keybindings/Keybindings_en.md#L397
LG-B290,Tags,d,Delete,View delete options for local/remote tag.,not_implemented,pending,pending,https://github.com/jesseduffield/lazygit/blob/c5f7158154602d23b0750d4304c73e2aead8df5b/docs/keybindings/Keybindings_en.md#L398
LG-B291,Tags,P,Push tag,Push the selected tag to a remote. You'll be prompted to select a remote.,not_implemented,pending,pending,https://github.com/jesseduffield/lazygit/blob/c5f7158154602d23b0750d4304c73e2aead8df5b/docs/keybindings/Keybindings_en.md#L399
LG-B292,Tags,g,Reset,View reset options (soft/mixed/hard) for resetting onto selected item.,not_implemented,pending,pending,https://github.com/jesseduffield/lazygit/blob/c5f7158154602d23b0750d4304c73e2aead8df5b/docs/keybindings/Keybindings_en.md#L400
LG-B293,Tags,<ctrl+t>,Open external diff tool (git difftool),,not_implemented,pending,pending,https://github.com/jesseduffield/lazygit/blob/c5f7158154602d23b0750d4304c73e2aead8df5b/docs/keybindings/Keybindings_en.md#L401
LG-B294,Tags,0,Focus main view,,not_implemented,pending,pending,https://github.com/jesseduffield/lazygit/blob/c5f7158154602d23b0750d4304c73e2aead8df5b/docs/keybindings/Keybindings_en.md#L402
LG-B295,Tags,<enter>,View commits,,not_implemented,pending,pending,https://github.com/jesseduffield/lazygit/blob/c5f7158154602d23b0750d4304c73e2aead8df5b/docs/keybindings/Keybindings_en.md#L403
LG-B296,Tags,/,Filter the current view by text,,not_implemented,pending,pending,https://github.com/jesseduffield/lazygit/blob/c5f7158154602d23b0750d4304c73e2aead8df5b/docs/keybindings/Keybindings_en.md#L404
LG-B297,Worktrees,n,New worktree,,not_implemented,pending,pending,https://github.com/jesseduffield/lazygit/blob/c5f7158154602d23b0750d4304c73e2aead8df5b/docs/keybindings/Keybindings_en.md#L410
LG-B298,Worktrees,<space>,Switch,Switch to the selected worktree.,not_implemented,pending,pending,https://github.com/jesseduffield/lazygit/blob/c5f7158154602d23b0750d4304c73e2aead8df5b/docs/keybindings/Keybindings_en.md#L411
LG-B299,Worktrees,o,Open in editor,,not_implemented,pending,pending,https://github.com/jesseduffield/lazygit/blob/c5f7158154602d23b0750d4304c73e2aead8df5b/docs/keybindings/Keybindings_en.md#L412
LG-B300,Worktrees,d,Remove,"Remove the selected worktree. This will both delete the worktree's directory, as well as metadata about the worktree in the .git directory.",not_implemented,pending,pending,https://github.com/jesseduffield/lazygit/blob/c5f7158154602d23b0750d4304c73e2aead8df5b/docs/keybindings/Keybindings_en.md#L413
LG-B301,Worktrees,/,Filter the current view by text,,not_implemented,pending,pending,https://github.com/jesseduffield/lazygit/blob/c5f7158154602d23b0750d4304c73e2aead8df5b/docs/keybindings/Keybindings_en.md#L414
